Page URL,Domain,Page Title,ILR,Raw ILR,Unique Pageviews,Crawl Depth,HTTP Status Code,"Page (HTML) Load Time, sec",Schema.org (Microdata),Schema.org (JSON-LD),Open Graph,Twitter Cards,Microformats,Canonicalization,In sitemap,Incoming Internal Links,Outgoing Internal Links,Outgoing External Links,AMP link,Hreflang Links,Hreflang Issues,JS and CSS Number,"JS and CSS Size, KB",Issues,Description,Blocked AI search bots
/,https://ruqya-center-v2.vercel.app,مركز الرقية بكلام الرحمن | مركز الرقية بكلام الرحمن,100,0.14698697631902152,n/a,0,200,0.219,0,1,1,1,0,Canonical to other page,0,12,11,0,0,3,5,17,292,11,نسعى بإذن الله لمساعدتك على التعافي من الأمراض الروحية والنفسية من خلال العلاج بكتاب الله وسنة رسوله ﷺ,
/about,https://ruqya-center-v2.vercel.app,من نحن | مركز الرقية بكلام الرحمن,33,0.07271360471746788,n/a,1,200,0.086,0,1,1,1,0,Canonical to other page,0,10,11,0,0,3,5,16,291,17,مركز متخصص في الرقية الشرعية والعلاج بالقرآن الكريم تأسس عام 2017 في إسطنبول، نقدم خدماتنا لجميع أنحاء العالم عبر الإنترنت,
/ar,https://ruqya-center-v2.vercel.app,,-,0.07608966706303069,n/a,1,307,0.028,0,0,0,0,0,-,1,11,1,0,0,-,-,0,0,0,-,
/blog,https://ruqya-center-v2.vercel.app,مركز الرقية بكلام الرحمن لرد كيد الشيطان,33,0.07271360471746788,n/a,1,200,0.129,0,1,1,1,0,Canonical to other page,0,10,11,0,0,3,5,17,293,12,مركز متخصص في الرقية الشرعية والعلاج بالقرآن الكريم في إسطنبول. نقدم استشارات أونلاين، تشخيص روحاني، وعلاج بإشراف خاص.,
/booking,https://ruqya-center-v2.vercel.app,مركز الرقية بكلام الرحمن لرد كيد الشيطان,33,0.07271360471746788,n/a,1,200,0.11,0,1,1,1,0,Canonical to other page,0,10,11,0,0,3,5,18,423,11,مركز متخصص في الرقية الشرعية والعلاج بالقرآن الكريم في إسطنبول. نقدم استشارات أونلاين، تشخيص روحاني، وعلاج بإشراف خاص.,
/contact,https://ruqya-center-v2.vercel.app,اتصل بنا | مركز الرقية بكلام الرحمن,67,0.0729832804933424,n/a,1,200,0.61,0,1,1,1,0,Canonical to other page,0,10,11,1,0,3,5,17,293,13,نسعد بتواصلكم معنا. يمكنكم إرسال رسالة أو التواصل مباشرة عبر الوسائل التالية,
/courses,https://ruqya-center-v2.vercel.app,تدريب وتأهيل الرقاة والمعالجين | مركز الرقية بكلام الرحمن,33,0.07271360471746788,n/a,1,200,0.092,0,1,1,1,0,Canonical to other page,0,10,11,0,0,3,5,17,294,12,برنامج متخصص ومكثف يهدف إلى إعداد وتأهيل معالجين متمكنين وفق الكتاب والسنة، مع تدريب عملي دقيق.,
/faq,https://ruqya-center-v2.vercel.app,الأسئلة الشائعة | مركز الرقية بكلام الرحمن,33,0.07271360471746788,n/a,1,200,0.158,0,1,1,1,0,Canonical to other page,0,10,11,0,0,3,5,18,417,11,نجيب على أبرز التساؤلات والاستفسارات ويمكنكم الحصول على المزيد من خلال تسجيل حالتكم حيث سيجيب موظف الاستقبال على جميع أسئلتكم بإذن الله هدفنا تقديم خدمة مميزة لكم حتى في استفساراتكم والشفافية أهم أهدافنا,
/llms.txt,https://ruqya-center-v2.vercel.app,,-,-,n/a,0,200,0.079,0,0,0,0,0,-,0,0,-,-,0,-,-,-,-,0,-,
/privacy-policy,https://ruqya-center-v2.vercel.app,مركز الرقية بكلام الرحمن لرد كيد الشيطان,33,0.07271360471746788,n/a,1,200,0.097,0,1,1,1,0,Canonical to other page,0,10,11,0,0,3,5,17,294,11,مركز متخصص في الرقية الشرعية والعلاج بالقرآن الكريم في إسطنبول. نقدم استشارات أونلاين، تشخيص روحاني، وعلاج بإشراف خاص.,
/robots.txt,https://ruqya-center-v2.vercel.app,,-,-,n/a,0,200,0.024,0,0,0,0,0,-,0,0,-,-,0,-,-,-,-,0,-,n/a
/services,https://ruqya-center-v2.vercel.app,الخدمات العلاجية | مركز الرقية بكلام الرحمن,33,0.07271360471746788,n/a,1,200,0.079,0,1,1,1,0,Canonical to other page,0,10,11,0,0,3,5,17,295,11,نقدم مجموعة متكاملة من خدمات الرقية الشرعية للتعافي من الأمراض الروحية، وكلها تبدأ بخطوة واحدة أساسية للتقييم الصحيح,
/sitemap.xml,https://ruqya-center-v2.vercel.app,,-,-,n/a,0,200,0.043,0,0,0,0,0,-,0,0,-,-,0,-,-,-,-,22,-,
/terms-of-service,https://ruqya-center-v2.vercel.app,مركز الرقية بكلام الرحمن لرد كيد الشيطان,33,0.07271360471746788,n/a,1,200,0.084,0,1,1,1,0,Canonical to other page,0,10,11,0,0,3,5,17,295,11,مركز متخصص في الرقية الشرعية والعلاج بالقرآن الكريم في إسطنبول. نقدم استشارات أونلاين، تشخيص روحاني، وعلاج بإشراف خاص.,
/tr,https://ruqya-center-v2.vercel.app,,-,0.07608966706303069,n/a,1,404,0.072,0,0,0,0,0,-,1,11,0,0,0,-,-,0,0,1,-,
/treatment-journey,https://ruqya-center-v2.vercel.app,مركز الرقية بكلام الرحمن لرد كيد الشيطان,33,0.07271360471746788,n/a,1,200,0.105,0,1,1,1,0,Canonical to other page,0,10,11,0,0,3,5,17,293,11,مركز متخصص في الرقية الشرعية والعلاج بالقرآن الكريم في إسطنبول. نقدم استشارات أونلاين، تشخيص روحاني، وعلاج بإشراف خاص.,
/,https://www.ruqya-center-v2.vercel.app,,-,0.0,n/a,0,307,0.012,0,0,0,0,0,-,0,0,1,0,0,-,-,0,0,2,-,
